test_pos,rc5,rc5_per_iter,excess_rc5,excess_per_iter
95,3001050.0,3.00105,2000952.5,2.0009525
96,2254392.0,2.254392,1254294.5,1.2542945
91,2088032.0,2.088032,1087934.5,1.0879345
88,2007366.0,2.007366,1007268.5,1.0072685
78,2006748.0,2.006748,1006650.5,1.0066505
58,2003485.0,2.003485,1003387.5,1.0033875
76,1984719.0,1.984719,984621.5,0.9846215
61,1983183.0,1.983183,983085.5,0.9830855
